<?xml version="1.0" encoding="UTF-8"?>
<document id="DDI-DrugBank.d457">
    <sentence id="DDI-DrugBank.d457.s0" text="Barbiturates may decrease the effectiveness of oral contraceptives, certain antibiotics, quinidine, theophylline, corticosteroids, anticoagulants, and beta blockers.">
        <entity id="DDI-DrugBank.d457.s0.e0" charOffset="0-11"
            type="group" text="Barbiturates"/>
        <entity id="DDI-DrugBank.d457.s0.e1" charOffset="52-65"
            type="group" text="contraceptives"/>
        <entity id="DDI-DrugBank.d457.s0.e2" charOffset="76-86"
            type="group" text="antibiotics"/>
        <entity id="DDI-DrugBank.d457.s0.e3" charOffset="89-97"
            type="drug" text="quinidine"/>
        <entity id="DDI-DrugBank.d457.s0.e4" charOffset="100-111"
            type="drug" text="theophylline"/>
        <entity id="DDI-DrugBank.d457.s0.e5" charOffset="114-128"
            type="group" text="corticosteroids"/>
        <entity id="DDI-DrugBank.d457.s0.e6" charOffset="131-144"
            type="group" text="anticoagulants"/>
        <entity id="DDI-DrugBank.d457.s0.e7" charOffset="151-163"
            type="group" text="beta blockers"/>
        <pair id="DDI-DrugBank.d457.s0.p0" e1="DDI-DrugBank.d457.s0.e0"
            e2="DDI-DrugBank.d457.s0.e1" ddi="true" type="effect"/>
        <pair id="DDI-DrugBank.d457.s0.p1" e1="DDI-DrugBank.d457.s0.e0"
            e2="DDI-DrugBank.d457.s0.e2" ddi="true" type="effect"/>
        <pair id="DDI-DrugBank.d457.s0.p2" e1="DDI-DrugBank.d457.s0.e0"
            e2="DDI-DrugBank.d457.s0.e3" ddi="true" type="effect"/>
        <pair id="DDI-DrugBank.d457.s0.p3" e1="DDI-DrugBank.d457.s0.e0"
            e2="DDI-DrugBank.d457.s0.e4" ddi="true" type="effect"/>
        <pair id="DDI-DrugBank.d457.s0.p4" e1="DDI-DrugBank.d457.s0.e0"
            e2="DDI-DrugBank.d457.s0.e5" ddi="true" type="effect"/>
        <pair id="DDI-DrugBank.d457.s0.p5" e1="DDI-DrugBank.d457.s0.e0"
            e2="DDI-DrugBank.d457.s0.e6" ddi="true" type="effect"/>
        <pair id="DDI-DrugBank.d457.s0.p6" e1="DDI-DrugBank.d457.s0.e0"
            e2="DDI-DrugBank.d457.s0.e7" ddi="true" type="effect"/>
        <pair id="DDI-DrugBank.d457.s0.p7" e1="DDI-DrugBank.d457.s0.e1"
            e2="DDI-DrugBank.d457.s0.e2" ddi="false"/>
        <pair id="DDI-DrugBank.d457.s0.p8" e1="DDI-DrugBank.d457.s0.e1"
            e2="DDI-DrugBank.d457.s0.e3" ddi="false"/>
        <pair id="DDI-DrugBank.d457.s0.p9" e1="DDI-DrugBank.d457.s0.e1"
            e2="DDI-DrugBank.d457.s0.e4" ddi="false"/>
        <pair id="DDI-DrugBank.d457.s0.p10" e1="DDI-DrugBank.d457.s0.e1"
            e2="DDI-DrugBank.d457.s0.e5" ddi="false"/>
        <pair id="DDI-DrugBank.d457.s0.p11" e1="DDI-DrugBank.d457.s0.e1"
            e2="DDI-DrugBank.d457.s0.e6" ddi="false"/>
        <pair id="DDI-DrugBank.d457.s0.p12" e1="DDI-DrugBank.d457.s0.e1"
            e2="DDI-DrugBank.d457.s0.e7" ddi="false"/>
        <pair id="DDI-DrugBank.d457.s0.p13" e1="DDI-DrugBank.d457.s0.e2"
            e2="DDI-DrugBank.d457.s0.e3" ddi="false"/>
        <pair id="DDI-DrugBank.d457.s0.p14" e1="DDI-DrugBank.d457.s0.e2"
            e2="DDI-DrugBank.d457.s0.e4" ddi="false"/>
        <pair id="DDI-DrugBank.d457.s0.p15" e1="DDI-DrugBank.d457.s0.e2"
            e2="DDI-DrugBank.d457.s0.e5" ddi="false"/>
        <pair id="DDI-DrugBank.d457.s0.p16" e1="DDI-DrugBank.d457.s0.e2"
            e2="DDI-DrugBank.d457.s0.e6" ddi="false"/>
        <pair id="DDI-DrugBank.d457.s0.p17" e1="DDI-DrugBank.d457.s0.e2"
            e2="DDI-DrugBank.d457.s0.e7" ddi="false"/>
        <pair id="DDI-DrugBank.d457.s0.p18" e1="DDI-DrugBank.d457.s0.e3"
            e2="DDI-DrugBank.d457.s0.e4" ddi="false"/>
        <pair id="DDI-DrugBank.d457.s0.p19" e1="DDI-DrugBank.d457.s0.e3"
            e2="DDI-DrugBank.d457.s0.e5" ddi="false"/>
        <pair id="DDI-DrugBank.d457.s0.p20" e1="DDI-DrugBank.d457.s0.e3"
            e2="DDI-DrugBank.d457.s0.e6" ddi="false"/>
        <pair id="DDI-DrugBank.d457.s0.p21" e1="DDI-DrugBank.d457.s0.e3"
            e2="DDI-DrugBank.d457.s0.e7" ddi="false"/>
        <pair id="DDI-DrugBank.d457.s0.p22" e1="DDI-DrugBank.d457.s0.e4"
            e2="DDI-DrugBank.d457.s0.e5" ddi="false"/>
        <pair id="DDI-DrugBank.d457.s0.p23" e1="DDI-DrugBank.d457.s0.e4"
            e2="DDI-DrugBank.d457.s0.e6" ddi="false"/>
        <pair id="DDI-DrugBank.d457.s0.p24" e1="DDI-DrugBank.d457.s0.e4"
            e2="DDI-DrugBank.d457.s0.e7" ddi="false"/>
        <pair id="DDI-DrugBank.d457.s0.p25" e1="DDI-DrugBank.d457.s0.e5"
            e2="DDI-DrugBank.d457.s0.e6" ddi="false"/>
        <pair id="DDI-DrugBank.d457.s0.p26" e1="DDI-DrugBank.d457.s0.e5"
            e2="DDI-DrugBank.d457.s0.e7" ddi="false"/>
        <pair id="DDI-DrugBank.d457.s0.p27" e1="DDI-DrugBank.d457.s0.e6"
            e2="DDI-DrugBank.d457.s0.e7" ddi="false"/>
    </sentence>
</document>
